Prompt Summary,Original Prompt,Timestamp,Tokens,Elapsed
Bootstrapped the project workspace,Bootstrapped the project workspace,2026-08-21T23:09:16-0400,0,1
Keystone doctoral research and one-shot bootstrap plan,"1) Read the structure of the codebase + the @docs/REQUIREMENTS.md then conduct an intellectual, doctoral thesis level research report that dives into exceptional depth, and record your professional findings within @docs/RESEARCH.md

2) After creating the research report, then you must engineer the prompt that will be used to one-shot this project, and record the plan in the @docs/BOOTSTRAP.md but do not write any code for the project yet (only planning stage right now)",2026-08-22T00:50:49-04:00,unavailable,743.885
Implemented and hardened Keystone end to end with test-heavy acceptance coverage,"Scan entire codebase in preparation for end-to-end implementation.

Read @docs/BOOTSTRAP.md and @docs/RESEARCH.md

Take full ownership of exceeding all expectation in the @docs/REQUIREMENTS.md

There should be more tests than there is code, to ensure all edge cases are handled and our codebase is durable, maintainable.",2026-08-22T12:03:30-04:00,unavailable,8806
